,0
0,"DataValue(Value:Variant(val:0.29636857870964317,type:VariantType.Double), StatusCode:StatusCode(Good), SourceTimestamp:2020-12-09 05:35:33.970705)"
1,"DataValue(Value:Variant(val:0.19953970523905196,type:VariantType.Double), StatusCode:StatusCode(Good), SourceTimestamp:2020-12-09 05:35:32.976363)"
2,"DataValue(Value:Variant(val:0.10071709699276916,type:VariantType.Double), StatusCode:StatusCode(Good), SourceTimestamp:2020-12-09 05:35:31.959701)"
3,"DataValue(Value:Variant(val:0.0008881568059804928,type:VariantType.Double), StatusCode:StatusCode(Good), SourceTimestamp:2020-12-09 05:35:30.966407)"
4,"DataValue(Value:Variant(val:-0.09894965755002794,type:VariantType.Double), StatusCode:StatusCode(Good), SourceTimestamp:2020-12-09 05:35:29.958099)"
5,"DataValue(Value:Variant(val:-0.19779879963620456,type:VariantType.Double), StatusCode:StatusCode(Good), SourceTimestamp:2020-12-09 05:35:28.958996)"
6,"DataValue(Value:Variant(val:-0.2946716015000064,type:VariantType.Double), StatusCode:StatusCode(Good), SourceTimestamp:2020-12-09 05:35:27.962848)"
7,"DataValue(Value:Variant(val:-0.38860014212710114,type:VariantType.Double), StatusCode:StatusCode(Good), SourceTimestamp:2020-12-09 05:35:26.967837)"
8,"DataValue(Value:Variant(val:-0.4786459185881904,type:VariantType.Double), StatusCode:StatusCode(Good), SourceTimestamp:2020-12-09 05:35:25.960869)"
9,"DataValue(Value:Variant(val:-0.5639092232500512,type:VariantType.Double), StatusCode:StatusCode(Good), SourceTimestamp:2020-12-09 05:35:24.961852)"
10,"DataValue(Value:Variant(val:-0.6435381333568037,type:VariantType.Double), StatusCode:StatusCode(Good), SourceTimestamp:2020-12-09 05:35:23.964495)"
11,"DataValue(Value:Variant(val:-0.7167370231604792,type:VariantType.Double), StatusCode:StatusCode(Good), SourceTimestamp:2020-12-09 05:35:22.969068)"
12,"DataValue(Value:Variant(val:-0.7827745135504952,type:VariantType.Double), StatusCode:StatusCode(Good), SourceTimestamp:2020-12-09 05:35:21.959751)"
13,"DataValue(Value:Variant(val:-0.840990779751967,type:VariantType.Double), StatusCode:StatusCode(Good), SourceTimestamp:2020-12-09 05:35:20.960427)"
14,"DataValue(Value:Variant(val:-0.8908041440767483,type:VariantType.Double), StatusCode:StatusCode(Good), SourceTimestamp:2020-12-09 05:35:19.963494)"
15,"DataValue(Value:Variant(val:-0.9317168878546153,type:VariantType.Double), StatusCode:StatusCode(Good), SourceTimestamp:2020-12-09 05:35:18.967073)"
16,"DataValue(Value:Variant(val:-0.9633202244736941,type:VariantType.Double), StatusCode:StatusCode(Good), SourceTimestamp:2020-12-09 05:35:17.968945)"
17,"DataValue(Value:Variant(val:-0.9852983838411613,type:VariantType.Double), StatusCode:StatusCode(Good), SourceTimestamp:2020-12-09 05:35:16.959357)"
18,"DataValue(Value:Variant(val:-0.9974317674536307,type:VariantType.Double), StatusCode:StatusCode(Good), SourceTimestamp:2020-12-09 05:35:15.961542)"
19,"DataValue(Value:Variant(val:-0.9995991425528098,type:VariantType.Double), StatusCode:StatusCode(Good), SourceTimestamp:2020-12-09 05:35:14.962374)"
20,"DataValue(Value:Variant(val:-0.9917788534431466,type:VariantType.Double), StatusCode:StatusCode(Good), SourceTimestamp:2020-12-09 05:35:13.967185)"
21,"DataValue(Value:Variant(val:-0.974049037868381,type:VariantType.Double), StatusCode:StatusCode(Good), SourceTimestamp:2020-12-09 05:35:12.956972)"
22,"DataValue(Value:Variant(val:-0.9465868462850383,type:VariantType.Double), StatusCode:StatusCode(Good), SourceTimestamp:2020-12-09 05:35:11.959397)"
23,"DataValue(Value:Variant(val:-0.9096666718336256,type:VariantType.Double), StatusCode:StatusCode(Good), SourceTimestamp:2020-12-09 05:35:10.962804)"
24,"DataValue(Value:Variant(val:-0.8636574086930742,type:VariantType.Double), StatusCode:StatusCode(Good), SourceTimestamp:2020-12-09 05:35:09.959297)"
25,"DataValue(Value:Variant(val:-0.8090187662120443,type:VariantType.Double), StatusCode:StatusCode(Good), SourceTimestamp:2020-12-09 05:35:08.961405)"
26,"DataValue(Value:Variant(val:-0.7462966756450723,type:VariantType.Double), StatusCode:StatusCode(Good), SourceTimestamp:2020-12-09 05:35:07.965192)"
27,"DataValue(Value:Variant(val:-0.676117835387937,type:VariantType.Double), StatusCode:StatusCode(Good), SourceTimestamp:2020-12-09 05:35:06.966875)"
28,"DataValue(Value:Variant(val:-0.5991834492144473,type:VariantType.Double), StatusCode:StatusCode(Good), SourceTimestamp:2020-12-09 05:35:05.957011)"
29,"DataValue(Value:Variant(val:-0.5162622200801217,type:VariantType.Double), StatusCode:StatusCode(Good), SourceTimestamp:2020-12-09 05:35:04.962575)"
30,"DataValue(Value:Variant(val:-0.42818266949635647,type:VariantType.Double), StatusCode:StatusCode(Good), SourceTimestamp:2020-12-09 05:35:03.967831)"
31,"DataValue(Value:Variant(val:-0.33582485921735605,type:VariantType.Double), StatusCode:StatusCode(Good), SourceTimestamp:2020-12-09 05:35:02.968553)"
32,"DataValue(Value:Variant(val:-0.24011159795399523,type:VariantType.Double), StatusCode:StatusCode(Good), SourceTimestamp:2020-12-09 05:35:01.968301)"
33,"DataValue(Value:Variant(val:-0.14199922097421971,type:VariantType.Double), StatusCode:StatusCode(Good), SourceTimestamp:2020-12-09 05:35:00.960639)"
34,"DataValue(Value:Variant(val:-0.04246803471717159,type:VariantType.Double), StatusCode:StatusCode(Good), SourceTimestamp:2020-12-09 05:34:59.968395)"
35,"DataValue(Value:Variant(val:0.05748747810470466,type:VariantType.Double), StatusCode:StatusCode(Good), SourceTimestamp:2020-12-09 05:34:58.970684)"
36,"DataValue(Value:Variant(val:0.15686859504819245,type:VariantType.Double), StatusCode:StatusCode(Good), SourceTimestamp:2020-12-09 05:34:57.959731)"
37,"DataValue(Value:Variant(val:0.2546823328438221,type:VariantType.Double), StatusCode:StatusCode(Good), SourceTimestamp:2020-12-09 05:34:56.965968)"
38,"DataValue(Value:Variant(val:0.34995136895646245,type:VariantType.Double), StatusCode:StatusCode(Good), SourceTimestamp:2020-12-09 05:34:55.957495)"
39,"DataValue(Value:Variant(val:0.44172380666903255,type:VariantType.Double), StatusCode:StatusCode(Good), SourceTimestamp:2020-12-09 05:34:54.957071)"
40,"DataValue(Value:Variant(val:0.5290826861198429,type:VariantType.Double), StatusCode:StatusCode(Good), SourceTimestamp:2020-12-09 05:34:53.970415)"
41,"DataValue(Value:Variant(val:0.6111551462624274,type:VariantType.Double), StatusCode:StatusCode(Good), SourceTimestamp:2020-12-09 05:34:52.962593)"
42,"DataValue(Value:Variant(val:0.6871211462045894,type:VariantType.Double), StatusCode:StatusCode(Good), SourceTimestamp:2020-12-09 05:34:51.968595)"
43,"DataValue(Value:Variant(val:0.7562216587859281,type:VariantType.Double), StatusCode:StatusCode(Good), SourceTimestamp:2020-12-09 05:34:50.958866)"
44,"DataValue(Value:Variant(val:0.8177662545263231,type:VariantType.Double), StatusCode:StatusCode(Good), SourceTimestamp:2020-12-09 05:34:49.960697)"
45,"DataValue(Value:Variant(val:0.8711400001690751,type:VariantType.Double), StatusCode:StatusCode(Good), SourceTimestamp:2020-12-09 05:34:48.960394)"
46,"DataValue(Value:Variant(val:0.9158096028907363,type:VariantType.Double), StatusCode:StatusCode(Good), SourceTimestamp:2020-12-09 05:34:47.961326)"
47,"DataValue(Value:Variant(val:0.9513287387867192,type:VariantType.Double), StatusCode:StatusCode(Good), SourceTimestamp:2020-12-09 05:34:46.967987)"
48,"DataValue(Value:Variant(val:0.9773425123922165,type:VariantType.Double), StatusCode:StatusCode(Good), SourceTimestamp:2020-12-09 05:34:45.968010)"
49,"DataValue(Value:Variant(val:0.9935910026803725,type:VariantType.Double), StatusCode:StatusCode(Good), SourceTimestamp:2020-12-09 05:34:44.956372)"
50,"DataValue(Value:Variant(val:0.9999118601072645,type:VariantType.Double), StatusCode:StatusCode(Good), SourceTimestamp:2020-12-09 05:34:43.961109)"
51,"DataValue(Value:Variant(val:0.9962419287548808,type:VariantType.Double), StatusCode:StatusCode(Good), SourceTimestamp:2020-12-09 05:34:42.960872)"
52,"DataValue(Value:Variant(val:0.9826178773641765,type:VariantType.Double), StatusCode:StatusCode(Good), SourceTimestamp:2020-12-09 05:34:41.957756)"
53,"DataValue(Value:Variant(val:0.9591758329531347,type:VariantType.Double), StatusCode:StatusCode(Good), SourceTimestamp:2020-12-09 05:34:40.958989)"
54,"DataValue(Value:Variant(val:0.9261500206806009,type:VariantType.Double), StatusCode:StatusCode(Good), SourceTimestamp:2020-12-09 05:34:39.959150)"
55,"DataValue(Value:Variant(val:0.8838704235459204,type:VariantType.Double), StatusCode:StatusCode(Good), SourceTimestamp:2020-12-09 05:34:38.962574)"
56,"DataValue(Value:Variant(val:0.8327594853078859,type:VariantType.Double), StatusCode:StatusCode(Good), SourceTimestamp:2020-12-09 05:34:37.960775)"
57,"DataValue(Value:Variant(val:0.7733278895663422,type:VariantType.Double), StatusCode:StatusCode(Good), SourceTimestamp:2020-12-09 05:34:36.969480)"
58,"DataValue(Value:Variant(val:0.7061694571804652,type:VariantType.Double), StatusCode:StatusCode(Good), SourceTimestamp:2020-12-09 05:34:35.957817)"
59,"DataValue(Value:Variant(val:0.6319552130070282,type:VariantType.Double), StatusCode:StatusCode(Good), SourceTimestamp:2020-12-09 05:34:34.960422)"
60,"DataValue(Value:Variant(val:0.5514266812418447,type:VariantType.Double), StatusCode:StatusCode(Good), SourceTimestamp:2020-12-09 05:34:33.962545)"
61,"DataValue(Value:Variant(val:0.465388476355119,type:VariantType.Double), StatusCode:StatusCode(Good), SourceTimestamp:2020-12-09 05:34:32.960891)"
62,"DataValue(Value:Variant(val:0.37470026364963,type:VariantType.Double), StatusCode:StatusCode(Good), SourceTimestamp:2020-12-09 05:34:31.967488)"
63,"DataValue(Value:Variant(val:0.28026816976919344,type:VariantType.Double), StatusCode:StatusCode(Good), SourceTimestamp:2020-12-09 05:34:30.972522)"
64,"DataValue(Value:Variant(val:0.18303572898076265,type:VariantType.Double), StatusCode:StatusCode(Good), SourceTimestamp:2020-12-09 05:34:29.957235)"
65,"DataValue(Value:Variant(val:0.08397445569192384,type:VariantType.Double), StatusCode:StatusCode(Good), SourceTimestamp:2020-12-09 05:34:28.959063)"
66,"DataValue(Value:Variant(val:-0.015925862599924186,type:VariantType.Double), StatusCode:StatusCode(Good), SourceTimestamp:2020-12-09 05:34:27.961532)"
67,"DataValue(Value:Variant(val:-0.11566705493706401,type:VariantType.Double), StatusCode:StatusCode(Good), SourceTimestamp:2020-12-09 05:34:26.962339)"
68,"DataValue(Value:Variant(val:-0.21425254029571764,type:VariantType.Double), StatusCode:StatusCode(Good), SourceTimestamp:2020-12-09 05:34:25.965452)"
69,"DataValue(Value:Variant(val:-0.3106972850942102,type:VariantType.Double), StatusCode:StatusCode(Good), SourceTimestamp:2020-12-09 05:34:24.968493)"
70,"DataValue(Value:Variant(val:-0.40403764532290903,type:VariantType.Double), StatusCode:StatusCode(Good), SourceTimestamp:2020-12-09 05:34:23.957392)"
71,"DataValue(Value:Variant(val:-0.49334099495663,type:VariantType.Double), StatusCode:StatusCode(Good), SourceTimestamp:2020-12-09 05:34:22.965215)"
72,"DataValue(Value:Variant(val:-0.5777150444455954,type:VariantType.Double), StatusCode:StatusCode(Good), SourceTimestamp:2020-12-09 05:34:21.965811)"
73,"DataValue(Value:Variant(val:-0.6563167561776644,type:VariantType.Double), StatusCode:StatusCode(Good), SourceTimestamp:2020-12-09 05:34:20.969525)"
74,"DataValue(Value:Variant(val:-0.7283607678314815,type:VariantType.Double), StatusCode:StatusCode(Good), SourceTimestamp:2020-12-09 05:34:19.959151)"
75,"DataValue(Value:Variant(val:-0.7931272394571857,type:VariantType.Double), StatusCode:StatusCode(Good), SourceTimestamp:2020-12-09 05:34:18.964996)"
76,"DataValue(Value:Variant(val:-0.8499690458792419,type:VariantType.Double), StatusCode:StatusCode(Good), SourceTimestamp:2020-12-09 05:34:17.958974)"
77,"DataValue(Value:Variant(val:-0.8983182425572844,type:VariantType.Double), StatusCode:StatusCode(Good), SourceTimestamp:2020-12-09 05:34:16.977808)"
78,"DataValue(Value:Variant(val:-0.9376917403002256,type:VariantType.Double), StatusCode:StatusCode(Good), SourceTimestamp:2020-12-09 05:34:15.971229)"
79,"DataValue(Value:Variant(val:-0.9676961321337658,type:VariantType.Double), StatusCode:StatusCode(Good), SourceTimestamp:2020-12-09 05:34:14.968886)"
80,"DataValue(Value:Variant(val:-0.9880316240928376,type:VariantType.Double), StatusCode:StatusCode(Good), SourceTimestamp:2020-12-09 05:34:13.970559)"
81,"DataValue(Value:Variant(val:-0.9984950306638061,type:VariantType.Double), StatusCode:StatusCode(Good), SourceTimestamp:2020-12-09 05:34:12.972131)"
82,"DataValue(Value:Variant(val:-0.9989818049469563,type:VariantType.Double), StatusCode:StatusCode(Good), SourceTimestamp:2020-12-09 05:34:11.969213)"
83,"DataValue(Value:Variant(val:-0.9894870832545573,type:VariantType.Double), StatusCode:StatusCode(Good), SourceTimestamp:2020-12-09 05:34:10.958249)"
84,"DataValue(Value:Variant(val:-0.9701057337072216,type:VariantType.Double), StatusCode:StatusCode(Good), SourceTimestamp:2020-12-09 05:34:09.970730)"
85,"DataValue(Value:Variant(val:-0.941031408343004,type:VariantType.Double), StatusCode:StatusCode(Good), SourceTimestamp:2020-12-09 05:34:08.958074)"
86,"DataValue(Value:Variant(val:-0.9025546082102497,type:VariantType.Double), StatusCode:StatusCode(Good), SourceTimestamp:2020-12-09 05:34:07.963699)"
87,"DataValue(Value:Variant(val:-0.8550597807771457,type:VariantType.Double), StatusCode:StatusCode(Good), SourceTimestamp:2020-12-09 05:34:06.967220)"
88,"DataValue(Value:Variant(val:-0.7990214786597013,type:VariantType.Double), StatusCode:StatusCode(Good), SourceTimestamp:2020-12-09 05:34:05.960469)"
89,"DataValue(Value:Variant(val:-0.734999618048874,type:VariantType.Double), StatusCode:StatusCode(Good), SourceTimestamp:2020-12-09 05:34:04.963488)"
90,"DataValue(Value:Variant(val:-0.6636338842130738,type:VariantType.Double), StatusCode:StatusCode(Good), SourceTimestamp:2020-12-09 05:34:03.965438)"
91,"DataValue(Value:Variant(val:-0.5856373399744128,type:VariantType.Double), StatusCode:StatusCode(Good), SourceTimestamp:2020-12-09 05:34:02.968353)"
92,"DataValue(Value:Variant(val:-0.501789301020694,type:VariantType.Double), StatusCode:StatusCode(Good), SourceTimestamp:2020-12-09 05:34:01.965775)"
93,"DataValue(Value:Variant(val:-0.4129275492406663,type:VariantType.Double), StatusCode:StatusCode(Good), SourceTimestamp:2020-12-09 05:34:00.973429)"
94,"DataValue(Value:Variant(val:-0.31993996188432605,type:VariantType.Double), StatusCode:StatusCode(Good), SourceTimestamp:2020-12-09 05:33:59.965903)"
95,"DataValue(Value:Variant(val:-0.223755640186928,type:VariantType.Double), StatusCode:StatusCode(Good), SourceTimestamp:2020-12-09 05:33:58.968892)"
96,"DataValue(Value:Variant(val:-0.12533562609656307,type:VariantType.Double), StatusCode:StatusCode(Good), SourceTimestamp:2020-12-09 05:33:57.965500)"
97,"DataValue(Value:Variant(val:-0.025663299860690898,type:VariantType.Double), StatusCode:StatusCode(Good), SourceTimestamp:2020-12-09 05:33:56.958997)"
98,"DataValue(Value:Variant(val:0.07426544558423022,type:VariantType.Double), StatusCode:StatusCode(Good), SourceTimestamp:2020-12-09 05:33:55.968788)"
99,"DataValue(Value:Variant(val:0.17345215524576615,type:VariantType.Double), StatusCode:StatusCode(Good), SourceTimestamp:2020-12-09 05:33:54.956987)"
100,"DataValue(Value:Variant(val:0.2709057883077459,type:VariantType.Double), StatusCode:StatusCode(Good), SourceTimestamp:2020-12-09 05:33:53.969673)"
101,"DataValue(Value:Variant(val:0.3656526202825023,type:VariantType.Double), StatusCode:StatusCode(Good), SourceTimestamp:2020-12-09 05:33:52.964938)"
102,"DataValue(Value:Variant(val:0.45674597214408225,type:VariantType.Double), StatusCode:StatusCode(Good), SourceTimestamp:2020-12-09 05:33:51.968956)"
103,"DataValue(Value:Variant(val:0.5432756692321434,type:VariantType.Double), StatusCode:StatusCode(Good), SourceTimestamp:2020-12-09 05:33:50.970731)"
104,"DataValue(Value:Variant(val:0.624377135416297,type:VariantType.Double), StatusCode:StatusCode(Good), SourceTimestamp:2020-12-09 05:33:49.958400)"
105,"DataValue(Value:Variant(val:0.6992400316550114,type:VariantType.Double), StatusCode:StatusCode(Good), SourceTimestamp:2020-12-09 05:33:48.968058)"
106,"DataValue(Value:Variant(val:0.7671163526354526,type:VariantType.Double), StatusCode:StatusCode(Good), SourceTimestamp:2020-12-09 05:33:47.969626)"
107,"DataValue(Value:Variant(val:0.8273279005953128,type:VariantType.Double), StatusCode:StatusCode(Good), SourceTimestamp:2020-12-09 05:33:46.969302)"
108,"DataValue(Value:Variant(val:0.8792730616506684,type:VariantType.Double), StatusCode:StatusCode(Good), SourceTimestamp:2020-12-09 05:33:45.958006)"
109,"DataValue(Value:Variant(val:0.9224328169230419,type:VariantType.Double), StatusCode:StatusCode(Good), SourceTimestamp:2020-12-09 05:33:44.969650)"
110,"DataValue(Value:Variant(val:0.9563759284044698,type:VariantType.Double), StatusCode:StatusCode(Good), SourceTimestamp:2020-12-09 05:33:43.955363)"
111,"DataValue(Value:Variant(val:0.9807632477451307,type:VariantType.Double), StatusCode:StatusCode(Good), SourceTimestamp:2020-12-09 05:33:42.953044)"
112,"DataValue(Value:Variant(val:0.9953511049115485,type:VariantType.Double), StatusCode:StatusCode(Good), SourceTimestamp:2020-12-09 05:33:41.922522)"
113,"DataValue(Value:Variant(val:0.999993742857021,type:VariantType.Double), StatusCode:StatusCode(Good), SourceTimestamp:2020-12-09 05:33:40.925336)"
114,"DataValue(Value:Variant(val:0.9946447738778491,type:VariantType.Double), StatusCode:StatusCode(Good), SourceTimestamp:2020-12-09 05:33:39.915584)"
115,"DataValue(Value:Variant(val:0.9793576431039387,type:VariantType.Double), StatusCode:StatusCode(Good), SourceTimestamp:2020-12-09 05:33:38.913070)"
116,"DataValue(Value:Variant(val:0.9542850944927288,type:VariantType.Double), StatusCode:StatusCode(Good), SourceTimestamp:2020-12-09 05:33:37.910947)"
117,"DataValue(Value:Variant(val:0.9196776446620603,type:VariantType.Double), StatusCode:StatusCode(Good), SourceTimestamp:2020-12-09 05:33:36.911280)"
118,"DataValue(Value:Variant(val:0.875881079810939,type:VariantType.Double), StatusCode:StatusCode(Good), SourceTimestamp:2020-12-09 05:33:35.916898)"
119,"DataValue(Value:Variant(val:0.823333000738138,type:VariantType.Double), StatusCode:StatusCode(Good), SourceTimestamp:2020-12-09 05:33:34.912267)"
120,"DataValue(Value:Variant(val:0.7625584504796671,type:VariantType.Double), StatusCode:StatusCode(Good), SourceTimestamp:2020-12-09 05:33:33.913938)"
121,"DataValue(Value:Variant(val:0.6941646682523136,type:VariantType.Double), StatusCode:StatusCode(Good), SourceTimestamp:2020-12-09 05:33:32.913613)"
122,"DataValue(Value:Variant(val:0.6188350221201147,type:VariantType.Double), StatusCode:StatusCode(Good), SourceTimestamp:2020-12-09 05:33:31.919400)"
123,"DataValue(Value:Variant(val:0.5373221810065527,type:VariantType.Double), StatusCode:StatusCode(Good), SourceTimestamp:2020-12-09 05:33:30.920903)"
124,"DataValue(Value:Variant(val:0.4504405942754718,type:VariantType.Double), StatusCode:StatusCode(Good), SourceTimestamp:2020-12-09 05:33:29.912419)"
125,"DataValue(Value:Variant(val:0.3590583540222545,type:VariantType.Double), StatusCode:StatusCode(Good), SourceTimestamp:2020-12-09 05:33:28.915553)"
126,"DataValue(Value:Variant(val:0.2640885213845585,type:VariantType.Double), StatusCode:StatusCode(Good), SourceTimestamp:2020-12-09 05:33:27.914884)"
127,"DataValue(Value:Variant(val:0.16648000353724682,type:VariantType.Double), StatusCode:StatusCode(Good), SourceTimestamp:2020-12-09 05:33:26.916559)"
128,"DataValue(Value:Variant(val:0.06720807252556354,type:VariantType.Double), StatusCode:StatusCode(Good), SourceTimestamp:2020-12-09 05:33:25.914506)"
129,"DataValue(Value:Variant(val:-0.0327353793307601,type:VariantType.Double), StatusCode:StatusCode(Good), SourceTimestamp:2020-12-09 05:33:24.914007)"
130,"DataValue(Value:Variant(val:-0.13235175009768851,type:VariantType.Double), StatusCode:StatusCode(Good), SourceTimestamp:2020-12-09 05:33:23.911895)"
131,"DataValue(Value:Variant(val:-0.2306457059273127,type:VariantType.Double), StatusCode:StatusCode(Good), SourceTimestamp:2020-12-09 05:33:22.923043)"
132,"DataValue(Value:Variant(val:-0.326635126104645,type:VariantType.Double), StatusCode:StatusCode(Good), SourceTimestamp:2020-12-09 05:33:21.911431)"
133,"DataValue(Value:Variant(val:-0.4193609160731571,type:VariantType.Double), StatusCode:StatusCode(Good), SourceTimestamp:2020-12-09 05:33:20.917599)"
134,"DataValue(Value:Variant(val:-0.5078965903905548,type:VariantType.Double), StatusCode:StatusCode(Good), SourceTimestamp:2020-12-09 05:33:19.917794)"
135,"DataValue(Value:Variant(val:-0.5913575298650613,type:VariantType.Double), StatusCode:StatusCode(Good), SourceTimestamp:2020-12-09 05:33:18.919316)"
136,"DataValue(Value:Variant(val:-0.6689098203779662,type:VariantType.Double), StatusCode:StatusCode(Good), SourceTimestamp:2020-12-09 05:33:17.920390)"
137,"DataValue(Value:Variant(val:-0.7397785850778432,type:VariantType.Double), StatusCode:StatusCode(Good), SourceTimestamp:2020-12-09 05:33:16.924668)"
138,"DataValue(Value:Variant(val:-0.8032557266939103,type:VariantType.Double), StatusCode:StatusCode(Good), SourceTimestamp:2020-12-09 05:33:15.910423)"
139,"DataValue(Value:Variant(val:-0.8587070026098931,type:VariantType.Double), StatusCode:StatusCode(Good), SourceTimestamp:2020-12-09 05:33:14.909512)"
140,"DataValue(Value:Variant(val:-0.9055783620065937,type:VariantType.Double), StatusCode:StatusCode(Good), SourceTimestamp:2020-12-09 05:33:13.912803)"
141,"DataValue(Value:Variant(val:-0.9434014817545319,type:VariantType.Double), StatusCode:StatusCode(Good), SourceTimestamp:2020-12-09 05:33:12.915989)"
142,"DataValue(Value:Variant(val:-0.9717984457438473,type:VariantType.Double), StatusCode:StatusCode(Good), SourceTimestamp:2020-12-09 05:33:11.917102)"
143,"DataValue(Value:Variant(val:-0.9904855208971471,type:VariantType.Double), StatusCode:StatusCode(Good), SourceTimestamp:2020-12-09 05:33:10.918991)"
144,"DataValue(Value:Variant(val:-0.9992759921366252,type:VariantType.Double), StatusCode:StatusCode(Good), SourceTimestamp:2020-12-09 05:33:09.919854)"
145,"DataValue(Value:Variant(val:-0.9980820279794003,type:VariantType.Double), StatusCode:StatusCode(Good), SourceTimestamp:2020-12-09 05:33:08.914544)"
146,"DataValue(Value:Variant(val:-0.986915558120659,type:VariantType.Double), StatusCode:StatusCode(Good), SourceTimestamp:2020-12-09 05:33:07.922595)"
147,"DataValue(Value:Variant(val:-0.9658881542360861,type:VariantType.Double), StatusCode:StatusCode(Good), SourceTimestamp:2020-12-09 05:33:06.923322)"
148,"DataValue(Value:Variant(val:-0.9352099151945603,type:VariantType.Double), StatusCode:StatusCode(Good), SourceTimestamp:2020-12-09 05:33:05.926124)"
149,"DataValue(Value:Variant(val:-0.8951873678197072,type:VariantType.Double), StatusCode:StatusCode(Good), SourceTimestamp:2020-12-09 05:33:04.924055)"
150,"DataValue(Value:Variant(val:-0.846220404175201,type:VariantType.Double), StatusCode:StatusCode(Good), SourceTimestamp:2020-12-09 05:33:03.920124)"
151,"DataValue(Value:Variant(val:-0.7887982859754514,type:VariantType.Double), StatusCode:StatusCode(Good), SourceTimestamp:2020-12-09 05:33:02.914611)"
152,"DataValue(Value:Variant(val:-0.7234947560442817,type:VariantType.Double), StatusCode:StatusCode(Good), SourceTimestamp:2020-12-09 05:33:01.916604)"
153,"DataValue(Value:Variant(val:-0.6509623056662873,type:VariantType.Double), StatusCode:StatusCode(Good), SourceTimestamp:2020-12-09 05:33:00.914909)"
154,"DataValue(Value:Variant(val:-0.5719256551096047,type:VariantType.Double), StatusCode:StatusCode(Good), SourceTimestamp:2020-12-09 05:32:59.919228)"
155,"DataValue(Value:Variant(val:-0.487174512460553,type:VariantType.Double), StatusCode:StatusCode(Good), SourceTimestamp:2020-12-09 05:32:58.922730)"
156,"DataValue(Value:Variant(val:-0.39755568312147854,type:VariantType.Double), StatusCode:StatusCode(Good), SourceTimestamp:2020-12-09 05:32:57.921673)"
157,"DataValue(Value:Variant(val:-0.30396460881109105,type:VariantType.Double), StatusCode:StatusCode(Good), SourceTimestamp:2020-12-09 05:32:56.922876)"
158,"DataValue(Value:Variant(val:-0.20733642060680393,type:VariantType.Double), StatusCode:StatusCode(Good), SourceTimestamp:2020-12-09 05:32:55.917160)"
159,"DataValue(Value:Variant(val:-0.10863659542412214,type:VariantType.Double), StatusCode:StatusCode(Good), SourceTimestamp:2020-12-09 05:32:54.919837)"
160,"DataValue(Value:Variant(val:-0.008851309290446507,type:VariantType.Double), StatusCode:StatusCode(Good), SourceTimestamp:2020-12-09 05:32:53.917210)"
161,"DataValue(Value:Variant(val:0.09102241619980542,type:VariantType.Double), StatusCode:StatusCode(Good), SourceTimestamp:2020-12-09 05:32:52.913900)"
162,"DataValue(Value:Variant(val:0.18998667579539935,type:VariantType.Double), StatusCode:StatusCode(Good), SourceTimestamp:2020-12-09 05:32:51.910697)"
163,"DataValue(Value:Variant(val:0.28705265132769103,type:VariantType.Double), StatusCode:StatusCode(Good), SourceTimestamp:2020-12-09 05:32:50.917065)"
164,"DataValue(Value:Variant(val:0.3812504916549073,type:VariantType.Double), StatusCode:StatusCode(Good), SourceTimestamp:2020-12-09 05:32:49.923158)"
165,"DataValue(Value:Variant(val:0.47163900309416484,type:VariantType.Double), StatusCode:StatusCode(Good), SourceTimestamp:2020-12-09 05:32:48.916016)"
166,"DataValue(Value:Variant(val:0.5573150535176319,type:VariantType.Double), StatusCode:StatusCode(Good), SourceTimestamp:2020-12-09 05:32:47.924115)"
167,"DataValue(Value:Variant(val:0.6374225961502142,type:VariantType.Double), StatusCode:StatusCode(Good), SourceTimestamp:2020-12-09 05:32:46.917746)"
168,"DataValue(Value:Variant(val:0.71116122290596,type:VariantType.Double), StatusCode:StatusCode(Good), SourceTimestamp:2020-12-09 05:32:45.921115)"
169,"DataValue(Value:Variant(val:0.777794161801075,type:VariantType.Double), StatusCode:StatusCode(Good), SourceTimestamp:2020-12-09 05:32:44.922598)"
170,"DataValue(Value:Variant(val:0.8366556385360404,type:VariantType.Double), StatusCode:StatusCode(Good), SourceTimestamp:2020-12-09 05:32:43.924223)"
171,"DataValue(Value:Variant(val:0.887157528692338,type:VariantType.Double), StatusCode:StatusCode(Good), SourceTimestamp:2020-12-09 05:32:42.922217)"
172,"DataValue(Value:Variant(val:0.9287952340772312,type:VariantType.Double), StatusCode:StatusCode(Good), SourceTimestamp:2020-12-09 05:32:41.911035)"
173,"DataValue(Value:Variant(val:0.9611527245021096,type:VariantType.Double), StatusCode:StatusCode(Good), SourceTimestamp:2020-12-09 05:32:40.912671)"
174,"DataValue(Value:Variant(val:0.9839066946186122,type:VariantType.Double), StatusCode:StatusCode(Good), SourceTimestamp:2020-12-09 05:32:39.916210)"
175,"DataValue(Value:Variant(val:0.9968297942787976,type:VariantType.Double), StatusCode:StatusCode(Good), SourceTimestamp:2020-12-09 05:32:38.917189)"
176,"DataValue(Value:Variant(val:0.9997929001426696,type:VariantType.Double), StatusCode:StatusCode(Good), SourceTimestamp:2020-12-09 05:32:37.921003)"
177,"DataValue(Value:Variant(val:0.9927664058359092,type:VariantType.Double), StatusCode:StatusCode(Good), SourceTimestamp:2020-12-09 05:32:36.918007)"
178,"DataValue(Value:Variant(val:0.9758205177669794,type:VariantType.Double), StatusCode:StatusCode(Good), SourceTimestamp:2020-12-09 05:32:35.923401)"
179,"DataValue(Value:Variant(val:0.949124553647899,type:VariantType.Double), StatusCode:StatusCode(Good), SourceTimestamp:2020-12-09 05:32:34.923435)"
180,"DataValue(Value:Variant(val:0.9129452507276334,type:VariantType.Double), StatusCode:StatusCode(Good), SourceTimestamp:2020-12-09 05:32:33.918830)"
181,"DataValue(Value:Variant(val:0.8676441006416744,type:VariantType.Double), StatusCode:StatusCode(Good), SourceTimestamp:2020-12-09 05:32:32.922714)"
182,"DataValue(Value:Variant(val:0.8136737375071116,type:VariantType.Double), StatusCode:StatusCode(Good), SourceTimestamp:2020-12-09 05:32:31.915886)"
183,"DataValue(Value:Variant(val:0.7515734153521553,type:VariantType.Double), StatusCode:StatusCode(Good), SourceTimestamp:2020-12-09 05:32:30.910453)"
184,"DataValue(Value:Variant(val:0.6819636200681407,type:VariantType.Double), StatusCode:StatusCode(Good), SourceTimestamp:2020-12-09 05:32:29.916154)"
185,"DataValue(Value:Variant(val:0.6055398697196067,type:VariantType.Double), StatusCode:StatusCode(Good), SourceTimestamp:2020-12-09 05:32:28.918339)"
186,"DataValue(Value:Variant(val:0.5230657651577024,type:VariantType.Double), StatusCode:StatusCode(Good), SourceTimestamp:2020-12-09 05:32:27.919011)"
187,"DataValue(Value:Variant(val:0.4353653603728964,type:VariantType.Double), StatusCode:StatusCode(Good), SourceTimestamp:2020-12-09 05:32:26.911274)"
188,"DataValue(Value:Variant(val:0.3433149288198987,type:VariantType.Double), StatusCode:StatusCode(Good), SourceTimestamp:2020-12-09 05:32:25.915259)"
189,"DataValue(Value:Variant(val:0.24783420798295983,type:VariantType.Double), StatusCode:StatusCode(Good), SourceTimestamp:2020-12-09 05:32:24.914311)"
190,"DataValue(Value:Variant(val:0.14987720966295234,type:VariantType.Double), StatusCode:StatusCode(Good), SourceTimestamp:2020-12-09 05:32:23.922613)"
191,"DataValue(Value:Variant(val:0.05042268780681122,type:VariantType.Double), StatusCode:StatusCode(Good), SourceTimestamp:2020-12-09 05:32:22.913578)"
192,"DataValue(Value:Variant(val:-0.049535640878370965,type:VariantType.Double), StatusCode:StatusCode(Good), SourceTimestamp:2020-12-09 05:32:21.918190)"
193,"DataValue(Value:Variant(val:-0.14899902581420232,type:VariantType.Double), StatusCode:StatusCode(Good), SourceTimestamp:2020-12-09 05:32:20.921375)"
194,"DataValue(Value:Variant(val:-0.24697366173662777,type:VariantType.Double), StatusCode:StatusCode(Good), SourceTimestamp:2020-12-09 05:32:19.910289)"
195,"DataValue(Value:Variant(val:-0.34248061846961925,type:VariantType.Double), StatusCode:StatusCode(Good), SourceTimestamp:2020-12-09 05:32:18.910889)"
196,"DataValue(Value:Variant(val:-0.43456562207190313,type:VariantType.Double), StatusCode:StatusCode(Good), SourceTimestamp:2020-12-09 05:32:17.919714)"
197,"DataValue(Value:Variant(val:-0.5223085896267406,type:VariantType.Double), StatusCode:StatusCode(Good), SourceTimestamp:2020-12-09 05:32:16.921212)"
198,"DataValue(Value:Variant(val:-0.6048328224062927,type:VariantType.Double), StatusCode:StatusCode(Good), SourceTimestamp:2020-12-09 05:32:15.922884)"
199,"DataValue(Value:Variant(val:-0.6813137655555104,type:VariantType.Double), StatusCode:StatusCode(Good), SourceTimestamp:2020-12-09 05:32:14.914292)"
200,"DataValue(Value:Variant(val:-0.7509872467716855,type:VariantType.Double), StatusCode:StatusCode(Good), SourceTimestamp:2020-12-09 05:32:13.916715)"
201,"DataValue(Value:Variant(val:-0.8131571116614967,type:VariantType.Double), StatusCode:StatusCode(Good), SourceTimestamp:2020-12-09 05:32:12.921786)"
202,"DataValue(Value:Variant(val:-0.8672021794855902,type:VariantType.Double), StatusCode:StatusCode(Good), SourceTimestamp:2020-12-09 05:32:11.911339)"
203,"DataValue(Value:Variant(val:-0.9125824497911917,type:VariantType.Double), StatusCode:StatusCode(Good), SourceTimestamp:2020-12-09 05:32:10.918722)"
204,"DataValue(Value:Variant(val:-0.9488444979181307,type:VariantType.Double), StatusCode:StatusCode(Good), SourceTimestamp:2020-12-09 05:32:09.917853)"
205,"DataValue(Value:Variant(val:-0.9756260054681622,type:VariantType.Double), StatusCode:StatusCode(Good), SourceTimestamp:2020-12-09 05:32:08.922519)"
206,"DataValue(Value:Variant(val:-0.9926593804706357,type:VariantType.Double), StatusCode:StatusCode(Good), SourceTimestamp:2020-12-09 05:32:07.912966)"
207,"DataValue(Value:Variant(val:-0.9997744310730117,type:VariantType.Double), StatusCode:StatusCode(Good), SourceTimestamp:2020-12-09 05:32:06.923251)"
208,"DataValue(Value:Variant(val:-0.9969000660415941,type:VariantType.Double), StatusCode:StatusCode(Good), SourceTimestamp:2020-12-09 05:32:05.915076)"
209,"DataValue(Value:Variant(val:-0.9840650050816383,type:VariantType.Double), StatusCode:StatusCode(Good), SourceTimestamp:2020-12-09 05:32:04.921140)"
210,"DataValue(Value:Variant(val:-0.961397491879549,type:VariantType.Double), StatusCode:StatusCode(Good), SourceTimestamp:2020-12-09 05:32:03.922406)"
211,"DataValue(Value:Variant(val:-0.9291240127343579,type:VariantType.Double), StatusCode:StatusCode(Good), SourceTimestamp:2020-12-09 05:32:02.910501)"
212,"DataValue(Value:Variant(val:-0.8875670335814898,type:VariantType.Double), StatusCode:StatusCode(Good), SourceTimestamp:2020-12-09 05:32:01.912830)"
213,"DataValue(Value:Variant(val:-0.8371417780197293,type:VariantType.Double), StatusCode:StatusCode(Good), SourceTimestamp:2020-12-09 05:32:00.916990)"
214,"DataValue(Value:Variant(val:-0.7783520785342762,type:VariantType.Double), StatusCode:StatusCode(Good), SourceTimestamp:2020-12-09 05:31:59.921698)"
215,"DataValue(Value:Variant(val:-0.7117853423690981,type:VariantType.Double), StatusCode:StatusCode(Good), SourceTimestamp:2020-12-09 05:31:58.923204)"
216,"DataValue(Value:Variant(val:-0.6381066823479201,type:VariantType.Double), StatusCode:StatusCode(Good), SourceTimestamp:2020-12-09 05:31:57.924860)"
217,"DataValue(Value:Variant(val:-0.558052271286747,type:VariantType.Double), StatusCode:StatusCode(Good), SourceTimestamp:2020-12-09 05:31:56.913811)"
218,"DataValue(Value:Variant(val:-0.4724219863984317,type:VariantType.Double), StatusCode:StatusCode(Good), SourceTimestamp:2020-12-09 05:31:55.917545)"
219,"DataValue(Value:Variant(val:-0.3820714171839697,type:VariantType.Double), StatusCode:StatusCode(Good), SourceTimestamp:2020-12-09 05:31:54.919033)"
220,"DataValue(Value:Variant(val:-0.28790331666502617,type:VariantType.Double), StatusCode:StatusCode(Good), SourceTimestamp:2020-12-09 05:31:53.921258)"
221,"DataValue(Value:Variant(val:-0.19085858137414927,type:VariantType.Double), StatusCode:StatusCode(Good), SourceTimestamp:2020-12-09 05:31:52.921245)"
222,"DataValue(Value:Variant(val:-0.09190685022764096,type:VariantType.Double), StatusCode:StatusCode(Good), SourceTimestamp:2020-12-09 05:31:51.914415)"
223,"DataValue(Value:Variant(val:0.007963183785976422,type:VariantType.Double), StatusCode:StatusCode(Good), SourceTimestamp:2020-12-09 05:31:50.915614)"
224,"DataValue(Value:Variant(val:0.10775365229948292,type:VariantType.Double), StatusCode:StatusCode(Good), SourceTimestamp:2020-12-09 05:31:49.921067)"
225,"DataValue(Value:Variant(val:0.20646748193783482,type:VariantType.Double), StatusCode:StatusCode(Good), SourceTimestamp:2020-12-09 05:31:48.924777)"
226,"DataValue(Value:Variant(val:0.3031183567457395,type:VariantType.Double), StatusCode:StatusCode(Good), SourceTimestamp:2020-12-09 05:31:47.913755)"
227,"DataValue(Value:Variant(val:0.3967405731306479,type:VariantType.Double), StatusCode:StatusCode(Good), SourceTimestamp:2020-12-09 05:31:46.916543)"
228,"DataValue(Value:Variant(val:0.4863986888538323,type:VariantType.Double), StatusCode:StatusCode(Good), SourceTimestamp:2020-12-09 05:31:45.917673)"
229,"DataValue(Value:Variant(val:0.5711968696600193,type:VariantType.Double), StatusCode:StatusCode(Good), SourceTimestamp:2020-12-09 05:31:44.923276)"
230,"DataValue(Value:Variant(val:0.6502878401571452,type:VariantType.Double), StatusCode:StatusCode(Good), SourceTimestamp:2020-12-09 05:31:43.911242)"
231,"DataValue(Value:Variant(val:0.7228813495120019,type:VariantType.Double), StatusCode:StatusCode(Good), SourceTimestamp:2020-12-09 05:31:42.914504)"
232,"DataValue(Value:Variant(val:0.7882520673753391,type:VariantType.Double), StatusCode:StatusCode(Good), SourceTimestamp:2020-12-09 05:31:41.922158)"
233,"DataValue(Value:Variant(val:0.8457468311429532,type:VariantType.Double), StatusCode:StatusCode(Good), SourceTimestamp:2020-12-09 05:31:40.919841)"
234,"DataValue(Value:Variant(val:0.8947911721405201,type:VariantType.Double), StatusCode:StatusCode(Good), SourceTimestamp:2020-12-09 05:31:39.925228)"
235,"DataValue(Value:Variant(val:0.9348950555246957,type:VariantType.Double), StatusCode:StatusCode(Good), SourceTimestamp:2020-12-09 05:31:38.923766)"
236,"DataValue(Value:Variant(val:0.9656577765492868,type:VariantType.Double), StatusCode:StatusCode(Good), SourceTimestamp:2020-12-09 05:31:37.911903)"
237,"DataValue(Value:Variant(val:0.9867719642746191,type:VariantType.Double), StatusCode:StatusCode(Good), SourceTimestamp:2020-12-09 05:31:36.918574)"
238,"DataValue(Value:Variant(val:0.9980266527163638,type:VariantType.Double), StatusCode:StatusCode(Good), SourceTimestamp:2020-12-09 05:31:35.921873)"
239,"DataValue(Value:Variant(val:0.9993093887479164,type:VariantType.Double), StatusCode:StatusCode(Good), SourceTimestamp:2020-12-09 05:31:34.911782)"
240,"DataValue(Value:Variant(val:0.9906073556948657,type:VariantType.Double), StatusCode:StatusCode(Good), SourceTimestamp:2020-12-09 05:31:33.917440)"
241,"DataValue(Value:Variant(val:0.972007501394968,type:VariantType.Double), StatusCode:StatusCode(Good), SourceTimestamp:2020-12-09 05:31:32.916118)"
242,"DataValue(Value:Variant(val:0.9436956694440937,type:VariantType.Double), StatusCode:StatusCode(Good), SourceTimestamp:2020-12-09 05:31:31.919721)"
243,"DataValue(Value:Variant(val:0.9059547423084483,type:VariantType.Double), StatusCode:StatusCode(Good), SourceTimestamp:2020-12-09 05:31:30.920693)"
244,"DataValue(Value:Variant(val:0.8591618148564795,type:VariantType.Double), StatusCode:StatusCode(Good), SourceTimestamp:2020-12-09 05:31:29.920772)"
245,"DataValue(Value:Variant(val:0.8037844265516019,type:VariantType.Double), StatusCode:StatusCode(Good), SourceTimestamp:2020-12-09 05:31:28.910861)"
246,"DataValue(Value:Variant(val:0.7403758899524271,type:VariantType.Double), StatusCode:StatusCode(Good), SourceTimestamp:2020-12-09 05:31:27.912534)"
247,"DataValue(Value:Variant(val:0.6695697621965786,type:VariantType.Double), StatusCode:StatusCode(Good), SourceTimestamp:2020-12-09 05:31:26.920686)"
248,"DataValue(Value:Variant(val:0.5920735147071987,type:VariantType.Double), StatusCode:StatusCode(Good), SourceTimestamp:2020-12-09 05:31:25.912457)"
249,"DataValue(Value:Variant(val:0.5086614643723477,type:VariantType.Double), StatusCode:StatusCode(Good), SourceTimestamp:2020-12-09 05:31:24.923040)"
250,"DataValue(Value:Variant(val:0.4201670368266135,type:VariantType.Double), StatusCode:StatusCode(Good), SourceTimestamp:2020-12-09 05:31:23.909482)"
251,"DataValue(Value:Variant(val:0.3274744391376645,type:VariantType.Double), StatusCode:StatusCode(Good), SourceTimestamp:2020-12-09 05:31:22.911734)"
252,"DataValue(Value:Variant(val:0.23150982510150958,type:VariantType.Double), StatusCode:StatusCode(Good), SourceTimestamp:2020-12-09 05:31:21.923521)"
253,"DataValue(Value:Variant(val:0.13323204141991404,type:VariantType.Double), StatusCode:StatusCode(Good), SourceTimestamp:2020-12-09 05:31:20.909595)"
254,"DataValue(Value:Variant(val:0.03362304722110829,type:VariantType.Double), StatusCode:StatusCode(Good), SourceTimestamp:2020-12-09 05:31:19.912162)"
255,"DataValue(Value:Variant(val:-0.06632189735122905,type:VariantType.Double), StatusCode:StatusCode(Good), SourceTimestamp:2020-12-09 05:31:18.913400)"
256,"DataValue(Value:Variant(val:-0.16560417544833742,type:VariantType.Double), StatusCode:StatusCode(Good), SourceTimestamp:2020-12-09 05:31:17.913876)"
257,"DataValue(Value:Variant(val:-0.26323179136582836,type:VariantType.Double), StatusCode:StatusCode(Good), SourceTimestamp:2020-12-09 05:31:16.915906)"
258,"DataValue(Value:Variant(val:-0.3582292822368536,type:VariantType.Double), StatusCode:StatusCode(Good), SourceTimestamp:2020-12-09 05:31:15.917573)"
259,"DataValue(Value:Variant(val:-0.4496474645346253,type:VariantType.Double), StatusCode:StatusCode(Good), SourceTimestamp:2020-12-09 05:31:14.920163)"
260,"DataValue(Value:Variant(val:-0.5365729180004575,type:VariantType.Double), StatusCode:StatusCode(Good), SourceTimestamp:2020-12-09 05:31:13.924748)"
261,"DataValue(Value:Variant(val:-0.6181371122370543,type:VariantType.Double), StatusCode:StatusCode(Good), SourceTimestamp:2020-12-09 05:31:12.915784)"
262,"DataValue(Value:Variant(val:-0.6935250847771416,type:VariantType.Double), StatusCode:StatusCode(Good), SourceTimestamp:2020-12-09 05:31:11.910590)"
263,"DataValue(Value:Variant(val:-0.7619835839190494,type:VariantType.Double), StatusCode:StatusCode(Good), SourceTimestamp:2020-12-09 05:31:10.915920)"
264,"DataValue(Value:Variant(val:-0.822828594968723,type:VariantType.Double), StatusCode:StatusCode(Good), SourceTimestamp:2020-12-09 05:31:09.920288)"
265,"DataValue(Value:Variant(val:-0.8754521746884406,type:VariantType.Double), StatusCode:StatusCode(Good), SourceTimestamp:2020-12-09 05:31:08.923569)"
266,"DataValue(Value:Variant(val:-0.9193285256646855,type:VariantType.Double), StatusCode:StatusCode(Good), SourceTimestamp:2020-12-09 05:31:07.913783)"
267,"DataValue(Value:Variant(val:-0.9540192499020964,type:VariantType.Double), StatusCode:StatusCode(Good), SourceTimestamp:2020-12-09 05:31:06.914922)"
268,"DataValue(Value:Variant(val:-0.9791777291513221,type:VariantType.Double), StatusCode:StatusCode(Good), SourceTimestamp:2020-12-09 05:31:05.915814)"
269,"DataValue(Value:Variant(val:-0.9945525882039916,type:VariantType.Double), StatusCode:StatusCode(Good), SourceTimestamp:2020-12-09 05:31:04.914154)"
270,"DataValue(Value:Variant(val:-0.9999902065507036,type:VariantType.Double), StatusCode:StatusCode(Good), SourceTimestamp:2020-12-09 05:31:03.920251)"
271,"DataValue(Value:Variant(val:-0.9954362533063752,type:VariantType.Double), StatusCode:StatusCode(Good), SourceTimestamp:2020-12-09 05:31:02.913680)"
272,"DataValue(Value:Variant(val:-0.980936230066487,type:VariantType.Double), StatusCode:StatusCode(Good), SourceTimestamp:2020-12-09 05:31:01.912231)"
273,"DataValue(Value:Variant(val:-0.9566350162701817,type:VariantType.Double), StatusCode:StatusCode(Good), SourceTimestamp:2020-12-09 05:31:00.917790)"
274,"DataValue(Value:Variant(val:-0.9227754216127984,type:VariantType.Double), StatusCode:StatusCode(Good), SourceTimestamp:2020-12-09 05:30:59.919109)"
275,"DataValue(Value:Variant(val:-0.8796957599716599,type:VariantType.Double), StatusCode:StatusCode(Good), SourceTimestamp:2020-12-09 05:30:58.918689)"
276,"DataValue(Value:Variant(val:-0.8278264690856417,type:VariantType.Double), StatusCode:StatusCode(Good), SourceTimestamp:2020-12-09 05:30:57.924090)"
277,"DataValue(Value:Variant(val:-0.7676858097635688,type:VariantType.Double), StatusCode:StatusCode(Good), SourceTimestamp:2020-12-09 05:30:56.915258)"
278,"DataValue(Value:Variant(val:-0.6998746875935284,type:VariantType.Double), StatusCode:StatusCode(Good), SourceTimestamp:2020-12-09 05:30:55.918813)"
279,"DataValue(Value:Variant(val:-0.6250706488928668,type:VariantType.Double), StatusCode:StatusCode(Good), SourceTimestamp:2020-12-09 05:30:54.921710)"
280,"DataValue(Value:Variant(val:-0.5440211108893535,type:VariantType.Double), StatusCode:StatusCode(Good), SourceTimestamp:2020-12-09 05:30:53.922246)"
281,"DataValue(Value:Variant(val:-0.457535893775304,type:VariantType.Double), StatusCode:StatusCode(Good), SourceTimestamp:2020-12-09 05:30:52.915229)"
282,"DataValue(Value:Variant(val:-0.36647912925191023,type:VariantType.Double), StatusCode:StatusCode(Good), SourceTimestamp:2020-12-09 05:30:51.914789)"
283,"DataValue(Value:Variant(val:-0.27176062641092535,type:VariantType.Double), StatusCode:StatusCode(Good), SourceTimestamp:2020-12-09 05:30:50.916953)"
284,"DataValue(Value:Variant(val:-0.17432678122296213,type:VariantType.Double), StatusCode:StatusCode(Good), SourceTimestamp:2020-12-09 05:30:49.917561)"
285,"DataValue(Value:Variant(val:-0.07515112046179159,type:VariantType.Double), StatusCode:StatusCode(Good), SourceTimestamp:2020-12-09 05:30:48.917265)"
286,"DataValue(Value:Variant(val:0.024775425453375525,type:VariantType.Double), StatusCode:StatusCode(Good), SourceTimestamp:2020-12-09 05:30:47.909523)"
287,"DataValue(Value:Variant(val:0.12445442350707933,type:VariantType.Double), StatusCode:StatusCode(Good), SourceTimestamp:2020-12-09 05:30:46.915799)"
288,"DataValue(Value:Variant(val:0.22288991410026324,type:VariantType.Double), StatusCode:StatusCode(Good), SourceTimestamp:2020-12-09 05:30:45.913038)"
289,"DataValue(Value:Variant(val:0.3190983623493673,type:VariantType.Double), StatusCode:StatusCode(Good), SourceTimestamp:2020-12-09 05:30:44.915296)"
290,"DataValue(Value:Variant(val:0.41211848524177114,type:VariantType.Double), StatusCode:StatusCode(Good), SourceTimestamp:2020-12-09 05:30:43.913988)"
291,"DataValue(Value:Variant(val:0.5010208564578985,type:VariantType.Double), StatusCode:StatusCode(Good), SourceTimestamp:2020-12-09 05:30:42.920766)"
292,"DataValue(Value:Variant(val:0.5849171928917747,type:VariantType.Double), StatusCode:StatusCode(Good), SourceTimestamp:2020-12-09 05:30:41.917453)"
293,"DataValue(Value:Variant(val:0.662969230082194,type:VariantType.Double), StatusCode:StatusCode(Good), SourceTimestamp:2020-12-09 05:30:40.917549)"
294,"DataValue(Value:Variant(val:0.734397097874123,type:VariantType.Double), StatusCode:StatusCode(Good), SourceTimestamp:2020-12-09 05:30:39.924328)"
295,"DataValue(Value:Variant(val:0.7984871126234988,type:VariantType.Double), StatusCode:StatusCode(Good), SourceTimestamp:2020-12-09 05:30:38.915678)"
296,"DataValue(Value:Variant(val:0.8545989080882879,type:VariantType.Double), StatusCode:StatusCode(Good), SourceTimestamp:2020-12-09 05:30:37.923265)"
297,"DataValue(Value:Variant(val:0.9021718337562995,type:VariantType.Double), StatusCode:StatusCode(Good), SourceTimestamp:2020-12-09 05:30:36.916663)"
298,"DataValue(Value:Variant(val:0.9407305566797773,type:VariantType.Double), StatusCode:StatusCode(Good), SourceTimestamp:2020-12-09 05:30:35.919093)"
299,"DataValue(Value:Variant(val:0.9698898108450894,type:VariantType.Double), StatusCode:StatusCode(Good), SourceTimestamp:2020-12-09 05:30:34.916431)"
300,"DataValue(Value:Variant(val:0.9893582466233836,type:VariantType.Double), StatusCode:StatusCode(Good), SourceTimestamp:2020-12-09 05:30:33.910212)"
301,"DataValue(Value:Variant(val:0.9989413418397726,type:VariantType.Double), StatusCode:StatusCode(Good), SourceTimestamp:2020-12-09 05:30:32.920469)"
302,"DataValue(Value:Variant(val:0.9985433453746043,type:VariantType.Double), StatusCode:StatusCode(Good), SourceTimestamp:2020-12-09 05:30:31.924996)"
303,"DataValue(Value:Variant(val:0.9881682338769986,type:VariantType.Double), StatusCode:StatusCode(Good), SourceTimestamp:2020-12-09 05:30:30.918986)"
304,"DataValue(Value:Variant(val:0.9679196720314837,type:VariantType.Double), StatusCode:StatusCode(Good), SourceTimestamp:2020-12-09 05:30:29.911187)"
305,"DataValue(Value:Variant(val:0.9379999767747351,type:VariantType.Double), StatusCode:StatusCode(Good), SourceTimestamp:2020-12-09 05:30:28.919250)"
306,"DataValue(Value:Variant(val:0.8987080958116223,type:VariantType.Double), StatusCode:StatusCode(Good), SourceTimestamp:2020-12-09 05:30:27.911942)"
307,"DataValue(Value:Variant(val:0.8504366206285593,type:VariantType.Double), StatusCode:StatusCode(Good), SourceTimestamp:2020-12-09 05:30:26.916114)"
308,"DataValue(Value:Variant(val:0.7936678638491472,type:VariantType.Double), StatusCode:StatusCode(Good), SourceTimestamp:2020-12-09 05:30:25.922782)"
309,"DataValue(Value:Variant(val:0.7289690401258698,type:VariantType.Double), StatusCode:StatusCode(Good), SourceTimestamp:2020-12-09 05:30:24.912526)"
310,"DataValue(Value:Variant(val:0.6569865987187824,type:VariantType.Double), StatusCode:StatusCode(Good), SourceTimestamp:2020-12-09 05:30:23.910662)"
311,"DataValue(Value:Variant(val:0.5784397643881929,type:VariantType.Double), StatusCode:StatusCode(Good), SourceTimestamp:2020-12-09 05:30:22.921776)"
312,"DataValue(Value:Variant(val:0.4941133511386012,type:VariantType.Double), StatusCode:StatusCode(Good), SourceTimestamp:2020-12-09 05:30:21.915113)"
313,"DataValue(Value:Variant(val:0.40484992061659103,type:VariantType.Double), StatusCode:StatusCode(Good), SourceTimestamp:2020-12-09 05:30:20.921936)"
314,"DataValue(Value:Variant(val:0.3115413635133711,type:VariantType.Double), StatusCode:StatusCode(Good), SourceTimestamp:2020-12-09 05:30:19.912720)"
315,"DataValue(Value:Variant(val:0.21511998808780858,type:VariantType.Double), StatusCode:StatusCode(Good), SourceTimestamp:2020-12-09 05:30:18.916536)"
316,"DataValue(Value:Variant(val:0.11654920485048659,type:VariantType.Double), StatusCode:StatusCode(Good), SourceTimestamp:2020-12-09 05:30:17.913065)"
317,"DataValue(Value:Variant(val:0.016813900484343496,type:VariantType.Double), StatusCode:StatusCode(Good), SourceTimestamp:2020-12-09 05:30:16.928932)"
318,"DataValue(Value:Variant(val:-0.0830894028175026,type:VariantType.Double), StatusCode:StatusCode(Good), SourceTimestamp:2020-12-09 05:30:15.913497)"
319,"DataValue(Value:Variant(val:-0.18216250427210112,type:VariantType.Double), StatusCode:StatusCode(Good), SourceTimestamp:2020-12-09 05:30:14.912030)"
320,"DataValue(Value:Variant(val:-0.27941549819893097,type:VariantType.Double), StatusCode:StatusCode(Good), SourceTimestamp:2020-12-09 05:30:13.923481)"
321,"DataValue(Value:Variant(val:-0.37387666483024096,type:VariantType.Double), StatusCode:StatusCode(Good), SourceTimestamp:2020-12-09 05:30:12.915904)"
322,"DataValue(Value:Variant(val:-0.4646021794137613,type:VariantType.Double), StatusCode:StatusCode(Good), SourceTimestamp:2020-12-09 05:30:11.917574)"
323,"DataValue(Value:Variant(val:-0.5506855425976414,type:VariantType.Double), StatusCode:StatusCode(Good), SourceTimestamp:2020-12-09 05:30:10.911267)"
324,"DataValue(Value:Variant(val:-0.6312666378723244,type:VariantType.Double), StatusCode:StatusCode(Good), SourceTimestamp:2020-12-09 05:30:09.920916)"
325,"DataValue(Value:Variant(val:-0.7055403255703945,type:VariantType.Double), StatusCode:StatusCode(Good), SourceTimestamp:2020-12-09 05:30:08.913589)"
326,"DataValue(Value:Variant(val:-0.7727644875559894,type:VariantType.Double), StatusCode:StatusCode(Good), SourceTimestamp:2020-12-09 05:30:07.921243)"
327,"DataValue(Value:Variant(val:-0.8322674422239027,type:VariantType.Double), StatusCode:StatusCode(Good), SourceTimestamp:2020-12-09 05:30:06.918166)"
328,"DataValue(Value:Variant(val:-0.8834546557201545,type:VariantType.Double), StatusCode:StatusCode(Good), SourceTimestamp:2020-12-09 05:30:05.916865)"
329,"DataValue(Value:Variant(val:-0.9258146823277331,type:VariantType.Double), StatusCode:StatusCode(Good), SourceTimestamp:2020-12-09 05:30:04.919001)"
330,"DataValue(Value:Variant(val:-0.958924274663139,type:VariantType.Double), StatusCode:StatusCode(Good), SourceTimestamp:2020-12-09 05:30:03.915342)"
331,"DataValue(Value:Variant(val:-0.9824526126243328,type:VariantType.Double), StatusCode:StatusCode(Good), SourceTimestamp:2020-12-09 05:30:02.922367)"
332,"DataValue(Value:Variant(val:-0.9961646088358408,type:VariantType.Double), StatusCode:StatusCode(Good), SourceTimestamp:2020-12-09 05:30:01.917287)"
333,"DataValue(Value:Variant(val:-0.9999232575641008,type:VariantType.Double), StatusCode:StatusCode(Good), SourceTimestamp:2020-12-09 05:30:00.913033)"
334,"DataValue(Value:Variant(val:-0.9936910036334644,type:VariantType.Double), StatusCode:StatusCode(Good), SourceTimestamp:2020-12-09 05:29:59.911624)"
335,"DataValue(Value:Variant(val:-0.977530117665097,type:VariantType.Double), StatusCode:StatusCode(Good), SourceTimestamp:2020-12-09 05:29:58.910908)"
336,"DataValue(Value:Variant(val:-0.9516020738895161,type:VariantType.Double), StatusCode:StatusCode(Good), SourceTimestamp:2020-12-09 05:29:57.923305)"
337,"DataValue(Value:Variant(val:-0.9161659367494552,type:VariantType.Double), StatusCode:StatusCode(Good), SourceTimestamp:2020-12-09 05:29:56.931959)"
338,"DataValue(Value:Variant(val:-0.8715757724135886,type:VariantType.Double), StatusCode:StatusCode(Good), SourceTimestamp:2020-12-09 05:29:55.915675)"
339,"DataValue(Value:Variant(val:-0.8182771110644114,type:VariantType.Double), StatusCode:StatusCode(Good), SourceTimestamp:2020-12-09 05:29:54.894084)"
340,"DataValue(Value:Variant(val:-0.7568024953079294,type:VariantType.Double), StatusCode:StatusCode(Good), SourceTimestamp:2020-12-09 05:29:53.889096)"
341,"DataValue(Value:Variant(val:-0.6877661591839753,type:VariantType.Double), StatusCode:StatusCode(Good), SourceTimestamp:2020-12-09 05:29:52.888646)"
342,"DataValue(Value:Variant(val:-0.6118578909427207,type:VariantType.Double), StatusCode:StatusCode(Good), SourceTimestamp:2020-12-09 05:29:51.883964)"
343,"DataValue(Value:Variant(val:-0.5298361409084948,type:VariantType.Double), StatusCode:StatusCode(Good), SourceTimestamp:2020-12-09 05:29:50.891380)"
344,"DataValue(Value:Variant(val:-0.44252044329485407,type:VariantType.Double), StatusCode:StatusCode(Good), SourceTimestamp:2020-12-09 05:29:49.879453)"
345,"DataValue(Value:Variant(val:-0.3507832276896215,type:VariantType.Double), StatusCode:StatusCode(Good), SourceTimestamp:2020-12-09 05:29:48.883873)"
346,"DataValue(Value:Variant(val:-0.25554110202683294,type:VariantType.Double), StatusCode:StatusCode(Good), SourceTimestamp:2020-12-09 05:29:47.890268)"
347,"DataValue(Value:Variant(val:-0.15774569414324996,type:VariantType.Double), StatusCode:StatusCode(Good), SourceTimestamp:2020-12-09 05:29:46.899916)"
348,"DataValue(Value:Variant(val:-0.05837414342758142,type:VariantType.Double), StatusCode:StatusCode(Good), SourceTimestamp:2020-12-09 05:29:45.892837)"
349,"DataValue(Value:Variant(val:0.04158066243328916,type:VariantType.Double), StatusCode:StatusCode(Good), SourceTimestamp:2020-12-09 05:29:44.906443)"
350,"DataValue(Value:Variant(val:0.1411200080598659,type:VariantType.Double), StatusCode:StatusCode(Good), SourceTimestamp:2020-12-09 05:29:43.894117)"
351,"DataValue(Value:Variant(val:0.23924932921398112,type:VariantType.Double), StatusCode:StatusCode(Good), SourceTimestamp:2020-12-09 05:29:42.888136)"
352,"DataValue(Value:Variant(val:0.33498815015590383,type:VariantType.Double), StatusCode:StatusCode(Good), SourceTimestamp:2020-12-09 05:29:41.890806)"
353,"DataValue(Value:Variant(val:0.42737988023382895,type:VariantType.Double), StatusCode:StatusCode(Good), SourceTimestamp:2020-12-09 05:29:40.891812)"
354,"DataValue(Value:Variant(val:0.5155013718214634,type:VariantType.Double), StatusCode:StatusCode(Good), SourceTimestamp:2020-12-09 05:29:39.879522)"
355,"DataValue(Value:Variant(val:0.5984721441039558,type:VariantType.Double), StatusCode:StatusCode(Good), SourceTimestamp:2020-12-09 05:29:38.881189)"
356,"DataValue(Value:Variant(val:0.6754631805511503,type:VariantType.Double), StatusCode:StatusCode(Good), SourceTimestamp:2020-12-09 05:29:37.883561)"
357,"DataValue(Value:Variant(val:0.7457052121767197,type:VariantType.Double), StatusCode:StatusCode(Good), SourceTimestamp:2020-12-09 05:29:36.891063)"
358,"DataValue(Value:Variant(val:0.8084964038195899,type:VariantType.Double), StatusCode:StatusCode(Good), SourceTimestamp:2020-12-09 05:29:35.890111)"
359,"DataValue(Value:Variant(val:0.8632093666488735,type:VariantType.Double), StatusCode:StatusCode(Good), SourceTimestamp:2020-12-09 05:29:34.889861)"
360,"DataValue(Value:Variant(val:0.9092974268256815,type:VariantType.Double), StatusCode:StatusCode(Good), SourceTimestamp:2020-12-09 05:29:33.888772)"
361,"DataValue(Value:Variant(val:0.9463000876874142,type:VariantType.Double), StatusCode:StatusCode(Good), SourceTimestamp:2020-12-09 05:29:32.890366)"
362,"DataValue(Value:Variant(val:0.973847630878195,type:VariantType.Double), StatusCode:StatusCode(Good), SourceTimestamp:2020-12-09 05:29:31.882182)"
363,"DataValue(Value:Variant(val:0.9916648104524686,type:VariantType.Double), StatusCode:StatusCode(Good), SourceTimestamp:2020-12-09 05:29:30.887028)"
364,"DataValue(Value:Variant(val:0.9995736030415051,type:VariantType.Double), StatusCode:StatusCode(Good), SourceTimestamp:2020-12-09 05:29:29.892781)"
365,"DataValue(Value:Variant(val:0.9974949866040544,type:VariantType.Double), StatusCode:StatusCode(Good), SourceTimestamp:2020-12-09 05:29:28.879136)"
366,"DataValue(Value:Variant(val:0.9854497299884603,type:VariantType.Double), StatusCode:StatusCode(Good), SourceTimestamp:2020-12-09 05:29:27.886051)"
367,"DataValue(Value:Variant(val:0.963558185417193,type:VariantType.Double), StatusCode:StatusCode(Good), SourceTimestamp:2020-12-09 05:29:26.881013)"
368,"DataValue(Value:Variant(val:0.9320390859672263,type:VariantType.Double), StatusCode:StatusCode(Good), SourceTimestamp:2020-12-09 05:29:25.881740)"
369,"DataValue(Value:Variant(val:0.8912073600614353,type:VariantType.Double), StatusCode:StatusCode(Good), SourceTimestamp:2020-12-09 05:29:24.886624)"
370,"DataValue(Value:Variant(val:0.8414709848078964,type:VariantType.Double), StatusCode:StatusCode(Good), SourceTimestamp:2020-12-09 05:29:23.886586)"
371,"DataValue(Value:Variant(val:0.7833269096274833,type:VariantType.Double), StatusCode:StatusCode(Good), SourceTimestamp:2020-12-09 05:29:22.884545)"
372,"DataValue(Value:Variant(val:0.7173560908995227,type:VariantType.Double), StatusCode:StatusCode(Good), SourceTimestamp:2020-12-09 05:29:21.891586)"
373,"DataValue(Value:Variant(val:0.644217687237691,type:VariantType.Double), StatusCode:StatusCode(Good), SourceTimestamp:2020-12-09 05:29:20.892765)"
374,"DataValue(Value:Variant(val:0.5646424733950354,type:VariantType.Double), StatusCode:StatusCode(Good), SourceTimestamp:2020-12-09 05:29:19.879991)"
375,"DataValue(Value:Variant(val:0.479425538604203,type:VariantType.Double), StatusCode:StatusCode(Good), SourceTimestamp:2020-12-09 05:29:18.884106)"
376,"DataValue(Value:Variant(val:0.3894183423086505,type:VariantType.Double), StatusCode:StatusCode(Good), SourceTimestamp:2020-12-09 05:29:17.881569)"
377,"DataValue(Value:Variant(val:0.2955202066613396,type:VariantType.Double), StatusCode:StatusCode(Good), SourceTimestamp:2020-12-09 05:29:16.891589)"
378,"DataValue(Value:Variant(val:0.19866933079506122,type:VariantType.Double), StatusCode:StatusCode(Good), SourceTimestamp:2020-12-09 05:29:15.879297)"
379,"DataValue(Value:Variant(val:0.09983341664682815,type:VariantType.Double), StatusCode:StatusCode(Good), SourceTimestamp:2020-12-09 05:29:14.880968)"
380,"DataValue(Value:Variant(val:0.0,type:VariantType.Double), StatusCode:StatusCode(Good), SourceTimestamp:2020-12-09 05:29:13.853192)"
381,"DataValue(Value:Variant(val:-0.3507832276896215,type:VariantType.Double), StatusCode:StatusCode(Good), SourceTimestamp:2020-12-09 05:29:09.639461)"
382,"DataValue(Value:Variant(val:-0.25554110202683294,type:VariantType.Double), StatusCode:StatusCode(Good), SourceTimestamp:2020-12-09 05:29:08.640135)"
383,"DataValue(Value:Variant(val:-0.15774569414324996,type:VariantType.Double), StatusCode:StatusCode(Good), SourceTimestamp:2020-12-09 05:29:07.641620)"
384,"DataValue(Value:Variant(val:-0.05837414342758142,type:VariantType.Double), StatusCode:StatusCode(Good), SourceTimestamp:2020-12-09 05:29:06.640299)"
385,"DataValue(Value:Variant(val:0.04158066243328916,type:VariantType.Double), StatusCode:StatusCode(Good), SourceTimestamp:2020-12-09 05:29:05.633991)"
386,"DataValue(Value:Variant(val:0.1411200080598659,type:VariantType.Double), StatusCode:StatusCode(Good), SourceTimestamp:2020-12-09 05:29:04.637657)"
387,"DataValue(Value:Variant(val:0.23924932921398112,type:VariantType.Double), StatusCode:StatusCode(Good), SourceTimestamp:2020-12-09 05:29:03.629354)"
388,"DataValue(Value:Variant(val:0.33498815015590383,type:VariantType.Double), StatusCode:StatusCode(Good), SourceTimestamp:2020-12-09 05:29:02.633019)"
389,"DataValue(Value:Variant(val:0.42737988023382895,type:VariantType.Double), StatusCode:StatusCode(Good), SourceTimestamp:2020-12-09 05:29:01.633695)"
390,"DataValue(Value:Variant(val:0.5155013718214634,type:VariantType.Double), StatusCode:StatusCode(Good), SourceTimestamp:2020-12-09 05:29:00.636360)"
391,"DataValue(Value:Variant(val:0.5984721441039558,type:VariantType.Double), StatusCode:StatusCode(Good), SourceTimestamp:2020-12-09 05:28:59.646010)"
392,"DataValue(Value:Variant(val:0.6754631805511503,type:VariantType.Double), StatusCode:StatusCode(Good), SourceTimestamp:2020-12-09 05:28:58.640699)"
393,"DataValue(Value:Variant(val:0.7457052121767197,type:VariantType.Double), StatusCode:StatusCode(Good), SourceTimestamp:2020-12-09 05:28:57.632412)"
394,"DataValue(Value:Variant(val:0.8084964038195899,type:VariantType.Double), StatusCode:StatusCode(Good), SourceTimestamp:2020-12-09 05:28:56.634067)"
395,"DataValue(Value:Variant(val:0.8632093666488735,type:VariantType.Double), StatusCode:StatusCode(Good), SourceTimestamp:2020-12-09 05:28:55.637433)"
396,"DataValue(Value:Variant(val:0.9092974268256815,type:VariantType.Double), StatusCode:StatusCode(Good), SourceTimestamp:2020-12-09 05:28:54.631124)"
397,"DataValue(Value:Variant(val:0.9463000876874142,type:VariantType.Double), StatusCode:StatusCode(Good), SourceTimestamp:2020-12-09 05:28:53.630800)"
398,"DataValue(Value:Variant(val:0.973847630878195,type:VariantType.Double), StatusCode:StatusCode(Good), SourceTimestamp:2020-12-09 05:28:52.628480)"
399,"DataValue(Value:Variant(val:0.9916648104524686,type:VariantType.Double), StatusCode:StatusCode(Good), SourceTimestamp:2020-12-09 05:28:51.630452)"
400,"DataValue(Value:Variant(val:0.9995736030415051,type:VariantType.Double), StatusCode:StatusCode(Good), SourceTimestamp:2020-12-09 05:28:50.633969)"
401,"DataValue(Value:Variant(val:0.9974949866040544,type:VariantType.Double), StatusCode:StatusCode(Good), SourceTimestamp:2020-12-09 05:28:49.630699)"
402,"DataValue(Value:Variant(val:0.9854497299884603,type:VariantType.Double), StatusCode:StatusCode(Good), SourceTimestamp:2020-12-09 05:28:48.633265)"
403,"DataValue(Value:Variant(val:0.963558185417193,type:VariantType.Double), StatusCode:StatusCode(Good), SourceTimestamp:2020-12-09 05:28:47.637404)"
404,"DataValue(Value:Variant(val:0.9320390859672263,type:VariantType.Double), StatusCode:StatusCode(Good), SourceTimestamp:2020-12-09 05:28:46.640651)"
405,"DataValue(Value:Variant(val:0.8912073600614353,type:VariantType.Double), StatusCode:StatusCode(Good), SourceTimestamp:2020-12-09 05:28:45.629279)"
406,"DataValue(Value:Variant(val:0.8414709848078964,type:VariantType.Double), StatusCode:StatusCode(Good), SourceTimestamp:2020-12-09 05:28:44.630950)"
407,"DataValue(Value:Variant(val:0.7833269096274833,type:VariantType.Double), StatusCode:StatusCode(Good), SourceTimestamp:2020-12-09 05:28:43.639603)"
408,"DataValue(Value:Variant(val:0.7173560908995227,type:VariantType.Double), StatusCode:StatusCode(Good), SourceTimestamp:2020-12-09 05:28:42.644264)"
409,"DataValue(Value:Variant(val:0.644217687237691,type:VariantType.Double), StatusCode:StatusCode(Good), SourceTimestamp:2020-12-09 05:28:41.652916)"
410,"DataValue(Value:Variant(val:0.5646424733950354,type:VariantType.Double), StatusCode:StatusCode(Good), SourceTimestamp:2020-12-09 05:28:40.636001)"
411,"DataValue(Value:Variant(val:0.479425538604203,type:VariantType.Double), StatusCode:StatusCode(Good), SourceTimestamp:2020-12-09 05:28:39.634512)"
412,"DataValue(Value:Variant(val:0.3894183423086505,type:VariantType.Double), StatusCode:StatusCode(Good), SourceTimestamp:2020-12-09 05:28:38.634653)"
413,"DataValue(Value:Variant(val:0.2955202066613396,type:VariantType.Double), StatusCode:StatusCode(Good), SourceTimestamp:2020-12-09 05:28:37.637511)"
414,"DataValue(Value:Variant(val:0.19866933079506122,type:VariantType.Double), StatusCode:StatusCode(Good), SourceTimestamp:2020-12-09 05:28:36.628895)"
415,"DataValue(Value:Variant(val:0.09983341664682815,type:VariantType.Double), StatusCode:StatusCode(Good), SourceTimestamp:2020-12-09 05:28:35.629246)"
416,"DataValue(Value:Variant(val:0.0,type:VariantType.Double), StatusCode:StatusCode(Good), SourceTimestamp:2020-12-09 05:28:34.600166)"
417,"DataValue(Value:Variant(val:-0.6118578909427207,type:VariantType.Double), StatusCode:StatusCode(Good), SourceTimestamp:2020-12-09 05:28:30.915898)"
418,"DataValue(Value:Variant(val:-0.5298361409084948,type:VariantType.Double), StatusCode:StatusCode(Good), SourceTimestamp:2020-12-09 05:28:29.917598)"
419,"DataValue(Value:Variant(val:-0.44252044329485407,type:VariantType.Double), StatusCode:StatusCode(Good), SourceTimestamp:2020-12-09 05:28:28.923230)"
420,"DataValue(Value:Variant(val:-0.3507832276896215,type:VariantType.Double), StatusCode:StatusCode(Good), SourceTimestamp:2020-12-09 05:28:27.916184)"
421,"DataValue(Value:Variant(val:-0.25554110202683294,type:VariantType.Double), StatusCode:StatusCode(Good), SourceTimestamp:2020-12-09 05:28:26.922844)"
422,"DataValue(Value:Variant(val:-0.15774569414324996,type:VariantType.Double), StatusCode:StatusCode(Good), SourceTimestamp:2020-12-09 05:28:25.915539)"
423,"DataValue(Value:Variant(val:-0.05837414342758142,type:VariantType.Double), StatusCode:StatusCode(Good), SourceTimestamp:2020-12-09 05:28:24.920074)"
424,"DataValue(Value:Variant(val:0.04158066243328916,type:VariantType.Double), StatusCode:StatusCode(Good), SourceTimestamp:2020-12-09 05:28:23.910647)"
425,"DataValue(Value:Variant(val:0.1411200080598659,type:VariantType.Double), StatusCode:StatusCode(Good), SourceTimestamp:2020-12-09 05:28:22.911320)"
426,"DataValue(Value:Variant(val:0.23924932921398112,type:VariantType.Double), StatusCode:StatusCode(Good), SourceTimestamp:2020-12-09 05:28:21.920969)"
427,"DataValue(Value:Variant(val:0.33498815015590383,type:VariantType.Double), StatusCode:StatusCode(Good), SourceTimestamp:2020-12-09 05:28:20.913663)"
428,"DataValue(Value:Variant(val:0.42737988023382895,type:VariantType.Double), StatusCode:StatusCode(Good), SourceTimestamp:2020-12-09 05:28:19.920321)"
429,"DataValue(Value:Variant(val:0.5155013718214634,type:VariantType.Double), StatusCode:StatusCode(Good), SourceTimestamp:2020-12-09 05:28:18.912117)"
430,"DataValue(Value:Variant(val:0.5984721441039558,type:VariantType.Double), StatusCode:StatusCode(Good), SourceTimestamp:2020-12-09 05:28:17.909975)"
431,"DataValue(Value:Variant(val:0.6754631805511503,type:VariantType.Double), StatusCode:StatusCode(Good), SourceTimestamp:2020-12-09 05:28:16.916432)"
432,"DataValue(Value:Variant(val:0.7457052121767197,type:VariantType.Double), StatusCode:StatusCode(Good), SourceTimestamp:2020-12-09 05:28:15.924050)"
433,"DataValue(Value:Variant(val:0.8084964038195899,type:VariantType.Double), StatusCode:StatusCode(Good), SourceTimestamp:2020-12-09 05:28:14.916303)"
434,"DataValue(Value:Variant(val:0.8632093666488735,type:VariantType.Double), StatusCode:StatusCode(Good), SourceTimestamp:2020-12-09 05:28:13.918787)"
435,"DataValue(Value:Variant(val:0.9092974268256815,type:VariantType.Double), StatusCode:StatusCode(Good), SourceTimestamp:2020-12-09 05:28:12.910784)"
436,"DataValue(Value:Variant(val:0.9463000876874142,type:VariantType.Double), StatusCode:StatusCode(Good), SourceTimestamp:2020-12-09 05:28:11.910363)"
437,"DataValue(Value:Variant(val:0.973847630878195,type:VariantType.Double), StatusCode:StatusCode(Good), SourceTimestamp:2020-12-09 05:28:10.921930)"
438,"DataValue(Value:Variant(val:0.9916648104524686,type:VariantType.Double), StatusCode:StatusCode(Good), SourceTimestamp:2020-12-09 05:28:09.909591)"
439,"DataValue(Value:Variant(val:0.9995736030415051,type:VariantType.Double), StatusCode:StatusCode(Good), SourceTimestamp:2020-12-09 05:28:08.910501)"
440,"DataValue(Value:Variant(val:0.9974949866040544,type:VariantType.Double), StatusCode:StatusCode(Good), SourceTimestamp:2020-12-09 05:28:07.911895)"
441,"DataValue(Value:Variant(val:0.9854497299884603,type:VariantType.Double), StatusCode:StatusCode(Good), SourceTimestamp:2020-12-09 05:28:06.919547)"
442,"DataValue(Value:Variant(val:0.963558185417193,type:VariantType.Double), StatusCode:StatusCode(Good), SourceTimestamp:2020-12-09 05:28:05.937176)"
443,"DataValue(Value:Variant(val:0.9320390859672263,type:VariantType.Double), StatusCode:StatusCode(Good), SourceTimestamp:2020-12-09 05:28:04.883072)"
444,"DataValue(Value:Variant(val:0.8912073600614353,type:VariantType.Double), StatusCode:StatusCode(Good), SourceTimestamp:2020-12-09 05:28:03.882445)"
445,"DataValue(Value:Variant(val:0.8414709848078964,type:VariantType.Double), StatusCode:StatusCode(Good), SourceTimestamp:2020-12-09 05:28:02.890956)"
446,"DataValue(Value:Variant(val:0.7833269096274833,type:VariantType.Double), StatusCode:StatusCode(Good), SourceTimestamp:2020-12-09 05:28:01.890518)"
447,"DataValue(Value:Variant(val:0.7173560908995227,type:VariantType.Double), StatusCode:StatusCode(Good), SourceTimestamp:2020-12-09 05:28:00.891337)"
448,"DataValue(Value:Variant(val:0.644217687237691,type:VariantType.Double), StatusCode:StatusCode(Good), SourceTimestamp:2020-12-09 05:27:59.890820)"
449,"DataValue(Value:Variant(val:0.5646424733950354,type:VariantType.Double), StatusCode:StatusCode(Good), SourceTimestamp:2020-12-09 05:27:58.889904)"
450,"DataValue(Value:Variant(val:0.479425538604203,type:VariantType.Double), StatusCode:StatusCode(Good), SourceTimestamp:2020-12-09 05:27:57.889050)"
451,"DataValue(Value:Variant(val:0.3894183423086505,type:VariantType.Double), StatusCode:StatusCode(Good), SourceTimestamp:2020-12-09 05:27:56.880068)"
452,"DataValue(Value:Variant(val:0.2955202066613396,type:VariantType.Double), StatusCode:StatusCode(Good), SourceTimestamp:2020-12-09 05:27:55.880371)"
453,"DataValue(Value:Variant(val:0.19866933079506122,type:VariantType.Double), StatusCode:StatusCode(Good), SourceTimestamp:2020-12-09 05:27:54.883598)"
454,"DataValue(Value:Variant(val:0.09983341664682815,type:VariantType.Double), StatusCode:StatusCode(Good), SourceTimestamp:2020-12-09 05:27:53.883021)"
455,"DataValue(Value:Variant(val:0.0,type:VariantType.Double), StatusCode:StatusCode(Good), SourceTimestamp:2020-12-09 05:27:52.810251)"
